id	item_group_id	title	description	link	image_link	price	availability	condition	brand	identifier_exists	google_product_category	product_type	adult	custom_label_0	custom_label_1	custom_label_2
459-735	459	Balsamic Chicken Thighs - Fat Loss Meal (346 cal, 36g protein)	Balsamic Chicken Thighs with Carrots and Parsley-Thyme Rice. Fat Loss portion (lighter carbs): 346 calories, 36g protein, 22g carbs, 15g fat. Gluten Free • Dairy Free. Fresh, chef-made meal prep from The Strong Kitchen in Hamden, CT — fully cooked, just heat and eat. Delivered Sunday/Monday across Connecticut or pick up in Hamden. Ingredients: Chicken thighs, carrots, long grain brown rice, balsamic, honey, oil, dijon, cilantro, parsley, thyme, curry powder, salt, pepper.	https://thestrongkitchen.com/products/459	https://thestrongkitchen.com/uploads/media/products/459/featured-image/1009/Balsamic-Chicken-Thighs-Plated.jpg	14.65 USD	in_stock	new	The Strong Kitchen	no	Food, Beverages & Tobacco > Food Items > Prepared Foods	Meals > Complete Meals	no	Meals	Fat Loss	menu-week-4
459-736	459	Balsamic Chicken Thighs - Performance Meal (398 cal, 37g protein)	Balsamic Chicken Thighs with Carrots and Parsley-Thyme Rice. Performance portion (balanced): 398 calories, 37g protein, 34g carbs, 15g fat. Gluten Free • Dairy Free. Fresh, chef-made meal prep from The Strong Kitchen in Hamden, CT — fully cooked, just heat and eat. Delivered Sunday/Monday across Connecticut or pick up in Hamden. Ingredients: Chicken thighs, carrots, long grain brown rice, balsamic, honey, oil, dijon, cilantro, parsley, thyme, curry powder, salt, pepper.	https://thestrongkitchen.com/products/459	https://thestrongkitchen.com/uploads/media/products/459/featured-image/1009/Balsamic-Chicken-Thighs-Plated.jpg	14.85 USD	in_stock	new	The Strong Kitchen	no	Food, Beverages & Tobacco > Food Items > Prepared Foods	Meals > Complete Meals	no	Meals	Performance	menu-week-4
459-985	459	Balsamic Chicken Thighs - Protein Plus Meal (458 cal, 52g protein)	Balsamic Chicken Thighs with Carrots and Parsley-Thyme Rice. Protein Plus portion (extra protein): 458 calories, 52g protein, 22g carbs, 18g fat. Gluten Free • Dairy Free. Fresh, chef-made meal prep from The Strong Kitchen in Hamden, CT — fully cooked, just heat and eat. Delivered Sunday/Monday across Connecticut or pick up in Hamden. Ingredients: Chicken thighs, carrots, long grain brown rice, balsamic, honey, oil, dijon, cilantro, parsley, thyme, curry powder, salt, pepper.	https://thestrongkitchen.com/products/459	https://thestrongkitchen.com/uploads/media/products/459/featured-image/1009/Balsamic-Chicken-Thighs-Plated.jpg	16.65 USD	in_stock	new	The Strong Kitchen	no	Food, Beverages & Tobacco > Food Items > Prepared Foods	Meals > Complete Meals	no	Meals	Protein Plus	menu-week-4
440-707	440	Sloppy Joe - Fat Loss Meal (427 cal, 33g protein)	Sloppy Joe with Sweet Potato Fries. Fat Loss portion (lighter carbs): 427 calories, 33g protein, 54g carbs, 10g fat. Gluten Free • Dairy Free. Fresh, chef-made meal prep from The Strong Kitchen in Hamden, CT — fully cooked, just heat and eat. Delivered Sunday/Monday across Connecticut or pick up in Hamden. Ingredients: Ground beef, sweet potatoes, ketchup, crushed tomatoes, cornmeal, onion, carrot, bell peppers, jalapeno, dijon, worcestershire, brown sugar, spices, salt.	https://thestrongkitchen.com/products/440	https://thestrongkitchen.com/uploads/media/products/440/featured-image/1003/Sloppy-Joe-Plated.jpg	14.85 USD	in_stock	new	The Strong Kitchen	no	Food, Beverages & Tobacco > Food Items > Prepared Foods	Meals > Complete Meals	no	Meals	Fat Loss	menu-week-4
440-986	440	Sloppy Joe - Protein Plus Meal (583 cal, 58g protein)	Sloppy Joe with Sweet Potato Fries. Protein Plus portion (extra protein): 583 calories, 58g protein, 54g carbs, 15g fat. Gluten Free • Dairy Free. Fresh, chef-made meal prep from The Strong Kitchen in Hamden, CT — fully cooked, just heat and eat. Delivered Sunday/Monday across Connecticut or pick up in Hamden. Ingredients: Ground beef, sweet potatoes, ketchup, crushed tomatoes, cornmeal, onion, carrot, bell peppers, jalapeno, dijon, worcestershire, brown sugar, spices, salt.	https://thestrongkitchen.com/products/440	https://thestrongkitchen.com/uploads/media/products/440/featured-image/1003/Sloppy-Joe-Plated.jpg	16.85 USD	in_stock	new	The Strong Kitchen	no	Food, Beverages & Tobacco > Food Items > Prepared Foods	Meals > Complete Meals	no	Meals	Protein Plus	menu-week-4
444-718		Roasted Salmon and Greens - Fat Loss Meal (429 cal, 35g protein)	Roasted Salmon and Greens with Honey-Dijon Kale Salad, Pepper jack and Chickpeas. Fat Loss portion (lighter carbs): 429 calories, 35g protein, 34g carbs, 17g fat. Gluten Free. Fresh, chef-made meal prep from The Strong Kitchen in Hamden, CT — fully cooked, just heat and eat. Delivered Sunday/Monday across Connecticut or pick up in Hamden. Ingredients: Salmon, kale, pepper jack cheese, carrots, red cabbage, chickpeas, honey, Dijon mustard, orange juice, cider vinegar, sugar, chile, salt, pepper.	https://thestrongkitchen.com/products/444	https://thestrongkitchen.com/uploads/media/products/444/featured-image/1006/Roasted-Salmon-and-Greens-Plated.jpg	17.95 USD	in_stock	new	The Strong Kitchen	no	Food, Beverages & Tobacco > Food Items > Prepared Foods	Meals > Complete Meals	no	Meals	Fat Loss	menu-week-4
439-706	439	Mongolian BBQ Shredded Beef - Fat Loss Meal (379 cal, 40g protein)	Mongolian BBQ Shredded Beef with Green Beans and Cornbread. Fat Loss portion (lighter carbs): 379 calories, 40g protein, 42g carbs, 7g fat. Gluten Free. Fresh, chef-made meal prep from The Strong Kitchen in Hamden, CT — fully cooked, just heat and eat. Delivered Sunday/Monday across Connecticut or pick up in Hamden. Ingredients: Beef bottom round, green beans, cornmeal, buttermilk, oil, ketchup, rice vinegar, coconut aminos, ginger, garlic, star anise, spices, salt.	https://thestrongkitchen.com/products/439	https://thestrongkitchen.com/uploads/media/products/439/featured-image/1002/Mongolian-BBQ-Shredded-Beef-Plated.jpg	14.85 USD	in_stock	new	The Strong Kitchen	no	Food, Beverages & Tobacco > Food Items > Prepared Foods	Meals > Complete Meals	no	Meals	Fat Loss	menu-week-4
439-987	439	Mongolian BBQ Shredded Beef - Protein Plus Meal (474 cal, 57g protein)	Mongolian BBQ Shredded Beef with Green Beans and Cornbread. Protein Plus portion (extra protein): 474 calories, 57g protein, 42g carbs, 10g fat. Gluten Free. Fresh, chef-made meal prep from The Strong Kitchen in Hamden, CT — fully cooked, just heat and eat. Delivered Sunday/Monday across Connecticut or pick up in Hamden. Ingredients: Beef bottom round, green beans, cornmeal, buttermilk, oil, ketchup, rice vinegar, coconut aminos, ginger, garlic, star anise, spices, salt.	https://thestrongkitchen.com/products/439	https://thestrongkitchen.com/uploads/media/products/439/featured-image/1002/Mongolian-BBQ-Shredded-Beef-Plated.jpg	16.85 USD	in_stock	new	The Strong Kitchen	no	Food, Beverages & Tobacco > Food Items > Prepared Foods	Meals > Complete Meals	no	Meals	Protein Plus	menu-week-4
454-728		Caesar Turkey Burger - Fat Loss Meal (511 cal, 53g protein)	over Thyme Russet Potatoes and Broccoli. Fat Loss portion (lighter carbs): 511 calories, 53g protein, 38g carbs, 16g fat. Gluten Free • Dairy Free. Fresh, chef-made meal prep from The Strong Kitchen in Hamden, CT — fully cooked, just heat and eat. Delivered Sunday/Monday across Connecticut or pick up in Hamden. Ingredients: Turkey, russet potatoes, broccoli, dijon, light mayonnaise (egg yolks, oil, lemon) lemon juice, garlic, serrano pepper, oil, salt, pepper, spices.	https://thestrongkitchen.com/products/454	https://thestrongkitchen.com/uploads/media/products/454/featured-image/1007/Caesar-Turkey-Burger-Plated.jpg	16.25 USD	in_stock	new	The Strong Kitchen	no	Food, Beverages & Tobacco > Food Items > Prepared Foods	Meals > Complete Meals	no	Meals	Fat Loss	menu-week-4
430-695		Breaded Chicken - Fat Loss Meal (504 cal, 29g protein)	over Vegetable Marinara and Spirals. Fat Loss portion (lighter carbs): 504 calories, 29g protein, 74g carbs, 14g fat. Gluten Free • Dairy Free. Fresh, chef-made meal prep from The Strong Kitchen in Hamden, CT — fully cooked, just heat and eat. Delivered Sunday/Monday across Connecticut or pick up in Hamden. Ingredients: Chicken breast, brown rice pasta, rice flour, corn flour, crushed tomato, eggplant, zucchini, tomato paste, chile flake, basil, oil, yeast, sugar, salt.	https://thestrongkitchen.com/products/430	https://thestrongkitchen.com/uploads/media/products/430/featured-image/1000/Breaded-Chicken-Plated.jpg	14.65 USD	in_stock	new	The Strong Kitchen	no	Food, Beverages & Tobacco > Food Items > Prepared Foods	Meals > Complete Meals	no	Meals	Fat Loss	menu-week-4
443-715	443	Teriyaki Chicken - Fat Loss Meal (624 cal, 57g protein)	Teriyaki Chicken with Coconut Rice and Pineapple Stir Fry Veggies. Fat Loss portion (lighter carbs): 624 calories, 57g protein, 61g carbs, 11g fat. Gluten Free • Dairy Free. Fresh, chef-made meal prep from The Strong Kitchen in Hamden, CT — fully cooked, just heat and eat. Delivered Sunday/Monday across Connecticut or pick up in Hamden. Ingredients: Chicken breast, long grain rice, pineapple, peppers, green beans, broccoli, carrots, coconut milk, tamari, coconut aminos, rice vinegar, orange, sesame oil, brown sugar, salt.	https://thestrongkitchen.com/products/443	https://thestrongkitchen.com/uploads/media/products/443/featured-image/1005/Teriyaki-Chicken---Plated.jpg	15.75 USD	in_stock	new	The Strong Kitchen	no	Food, Beverages & Tobacco > Food Items > Prepared Foods	Meals > Complete Meals	no	Meals	Fat Loss	menu-week-4
443-716	443	Teriyaki Chicken - Performance Meal (648 cal, 58g protein)	Teriyaki Chicken with Coconut Rice and Pineapple Stir Fry Veggies. Performance portion (balanced): 648 calories, 58g protein, 71g carbs, 12g fat. Gluten Free • Dairy Free. Fresh, chef-made meal prep from The Strong Kitchen in Hamden, CT — fully cooked, just heat and eat. Delivered Sunday/Monday across Connecticut or pick up in Hamden. Ingredients: Chicken breast, long grain rice, pineapple, peppers, green beans, broccoli, carrots, coconut milk, tamari, coconut aminos, rice vinegar, orange, sesame oil, brown sugar, salt.	https://thestrongkitchen.com/products/443	https://thestrongkitchen.com/uploads/media/products/443/featured-image/1005/Teriyaki-Chicken---Plated.jpg	15.95 USD	in_stock	new	The Strong Kitchen	no	Food, Beverages & Tobacco > Food Items > Prepared Foods	Meals > Complete Meals	no	Meals	Performance	menu-week-4
441-710	441	Teriyaki Shrimp - Fat Loss Meal (473 cal, 36g protein)	Teriyaki Shrimp with Coconut Rice and Pineapple Stir Fry Veggies. Fat Loss portion (lighter carbs): 473 calories, 36g protein, 63g carbs, 8g fat. Gluten Free • Dairy Free. Fresh, chef-made meal prep from The Strong Kitchen in Hamden, CT — fully cooked, just heat and eat. Delivered Sunday/Monday across Connecticut or pick up in Hamden. Ingredients: Sustainably raised shrimp, long grain rice, pineapple, peppers, green beans, broccoli, carrots, coconut milk, tamari, coconut aminos, rice vinegar, orange, sesame oil, brown sugar, salt.	https://thestrongkitchen.com/products/441	https://thestrongkitchen.com/uploads/media/products/441/featured-image/1004/Teriyaki-Shrimp-Plated.jpg	16.55 USD	in_stock	new	The Strong Kitchen	no	Food, Beverages & Tobacco > Food Items > Prepared Foods	Meals > Complete Meals	no	Meals	Fat Loss	menu-week-4
441-711	441	Teriyaki Shrimp - Performance Meal (527 cal, 36g protein)	Teriyaki Shrimp with Coconut Rice and Pineapple Stir Fry Veggies. Performance portion (balanced): 527 calories, 36g protein, 73g carbs, 9g fat. Gluten Free • Dairy Free. Fresh, chef-made meal prep from The Strong Kitchen in Hamden, CT — fully cooked, just heat and eat. Delivered Sunday/Monday across Connecticut or pick up in Hamden. Ingredients: Sustainably raised shrimp, long grain rice, pineapple, peppers, green beans, broccoli, carrots, coconut milk, tamari, coconut aminos, rice vinegar, orange, sesame oil, brown sugar, salt.	https://thestrongkitchen.com/products/441	https://thestrongkitchen.com/uploads/media/products/441/featured-image/1004/Teriyaki-Shrimp-Plated.jpg	16.75 USD	in_stock	new	The Strong Kitchen	no	Food, Beverages & Tobacco > Food Items > Prepared Foods	Meals > Complete Meals	no	Meals	Performance	menu-week-4
441-984	441	Teriyaki Shrimp - Protein Plus Meal (529 cal, 49g protein)	Teriyaki Shrimp with Coconut Rice and Pineapple Stir Fry Veggies. Protein Plus portion (extra protein): 529 calories, 49g protein, 63g carbs, 9g fat. Gluten Free • Dairy Free. Fresh, chef-made meal prep from The Strong Kitchen in Hamden, CT — fully cooked, just heat and eat. Delivered Sunday/Monday across Connecticut or pick up in Hamden. Ingredients: Sustainably raised shrimp, long grain rice, pineapple, peppers, green beans, broccoli, carrots, coconut milk, tamari, coconut aminos, rice vinegar, orange, sesame oil, brown sugar, salt.	https://thestrongkitchen.com/products/441	https://thestrongkitchen.com/uploads/media/products/441/featured-image/1004/Teriyaki-Shrimp-Plated.jpg	18.55 USD	in_stock	new	The Strong Kitchen	no	Food, Beverages & Tobacco > Food Items > Prepared Foods	Meals > Complete Meals	no	Meals	Protein Plus	menu-week-4
424-685	424	Lemon Chicken - Fat Loss Meal (509 cal, 54g protein)	Lemon Chicken with Parmesan-Broccoli Rice. Fat Loss portion (lighter carbs): 509 calories, 54g protein, 37g carbs, 14g fat. Gluten Free. Fresh, chef-made meal prep from The Strong Kitchen in Hamden, CT — fully cooked, just heat and eat. Delivered Sunday/Monday across Connecticut or pick up in Hamden. Ingredients: Chicken breast, medium grain rice, broccoli, chicken bouillon, parmesan, oil, lemon, garlic, dijon, chile flake, paprika, spices, salt.	https://thestrongkitchen.com/products/424	https://thestrongkitchen.com/uploads/media/products/424/featured-image/999/Lemon-Chicken-Plated.jpg	15.75 USD	in_stock	new	The Strong Kitchen	no	Food, Beverages & Tobacco > Food Items > Prepared Foods	Meals > Complete Meals	no	Meals	Fat Loss	menu-week-4
424-686	424	Lemon Chicken - Performance Meal (601 cal, 56g protein)	Lemon Chicken with Parmesan-Broccoli Rice. Performance portion (balanced): 601 calories, 56g protein, 56g carbs, 15g fat. Gluten Free. Fresh, chef-made meal prep from The Strong Kitchen in Hamden, CT — fully cooked, just heat and eat. Delivered Sunday/Monday across Connecticut or pick up in Hamden. Ingredients: Chicken breast, medium grain rice, broccoli, chicken bouillon, parmesan, oil, lemon, garlic, dijon, chile flake, paprika, spices, salt.	https://thestrongkitchen.com/products/424	https://thestrongkitchen.com/uploads/media/products/424/featured-image/999/Lemon-Chicken-Plated.jpg	15.95 USD	in_stock	new	The Strong Kitchen	no	Food, Beverages & Tobacco > Food Items > Prepared Foods	Meals > Complete Meals	no	Meals	Performance	menu-week-4
558-1021		Firecracker Sauce - 16oz Bottle	Tangy, sweet with a touch of heat 12 servings per bottle 2 Tbsp per serving. Gluten Free • Dairy Free. Made in-house by The Strong Kitchen, Hamden, CT. Delivered with your meal prep order across Connecticut or pick up in Hamden. Ingredients: Vinegar blend (cayenne pepper puree, water, vinegar, salt, xanthan gum), dark brown sugar, apple cider vinegar, coconut aminos, coconut milk, rice vinegar, chile flake.	https://thestrongkitchen.com/products/558	https://thestrongkitchen.com/uploads/media/products/558/featured-image/291/firecracker-sauce1.jpg	7.98 USD	in_stock	new	The Strong Kitchen	no	Food, Beverages & Tobacco > Food Items > Condiments & Sauces	Sauces	no	Sauces		menu-week-4
22-63		Double Chocolate Protein Bites - Six Pack	Our best selling snack!. Gluten Free • Dairy Free. Made fresh by The Strong Kitchen in Hamden, CT. Delivered Sunday/Monday across Connecticut with your order or pick up in Hamden. Ingredients: Oats, egg whites, pea protein, cocoa, chocolate chips, truvia, salt.	https://thestrongkitchen.com/products/22	https://thestrongkitchen.com/uploads/media/products/22/featured-image/811/22---Double-Chocolate-Protein-Bites---corrected.jpg	9.55 USD	in_stock	new	The Strong Kitchen	no	Food, Beverages & Tobacco > Food Items > Snack Foods	Snacks & Breakfast	no	Snacks & Breakfast		menu-week-4
271-454		Cinnamon Raisin Protein Oatmeal - Single Serving	Just add water+90 seconds in microwave. Gluten Free. Made fresh by The Strong Kitchen in Hamden, CT. Delivered Sunday/Monday across Connecticut with your order or pick up in Hamden. Ingredients: Organic quick oats, grass-fed casein, stevia, vanilla, raisins, cinnamon.	https://thestrongkitchen.com/products/271	https://thestrongkitchen.com/uploads/media/products/271/featured-image/807/271---Cinnamon-Raisin-Protein-Oatmeal---corrected.jpg	3.95 USD	in_stock	new	The Strong Kitchen	no	Food, Beverages & Tobacco > Food Items > Grains, Rice & Cereal > Cereal & Granola	Snacks & Breakfast > Protein Oatmeal	no	Snacks & Breakfast		menu-week-4
289-482		Cranberry Almond Protein Oatmeal - Single Serving	Just add water+90 seconds in microwave. Gluten Free. Made fresh by The Strong Kitchen in Hamden, CT. Delivered Sunday/Monday across Connecticut with your order or pick up in Hamden. Ingredients: Organic quick oats, grass-fed casein, stevia, vanilla, ginger, cinnamon, craisins, almonds.	https://thestrongkitchen.com/products/289	https://thestrongkitchen.com/uploads/media/products/289/featured-image/808/289---Cranberry-Almond-Protein-Oatmeal---corrected.jpg	3.95 USD	in_stock	new	The Strong Kitchen	no	Food, Beverages & Tobacco > Food Items > Grains, Rice & Cereal > Cereal & Granola	Snacks & Breakfast > Protein Oatmeal	no	Snacks & Breakfast		menu-week-4
257-432		Apples and Spice Protein Oatmeal - Single Serving	Just add water+90 seconds in microwave. Gluten Free. Made fresh by The Strong Kitchen in Hamden, CT. Delivered Sunday/Monday across Connecticut with your order or pick up in Hamden. Ingredients: Organic quick oats, grass-fed casein, stevia, vanilla, apple, cinnamon, ginger.	https://thestrongkitchen.com/products/257	https://thestrongkitchen.com/uploads/media/products/257/featured-image/806/257---Apples-and-Spice-Protein-Oatmeal---corrected.jpg	3.95 USD	in_stock	new	The Strong Kitchen	no	Food, Beverages & Tobacco > Food Items > Grains, Rice & Cereal > Cereal & Granola	Snacks & Breakfast > Protein Oatmeal	no	Snacks & Breakfast		menu-week-4
149-276		Breakfast Burrito - Four Pack	Breakfast Burrito with rice, eggs, refried beans and scallions. Made fresh by The Strong Kitchen in Hamden, CT. Delivered Sunday/Monday across Connecticut with your order or pick up in Hamden. Ingredients: Whole wheat wrap, rice, pinto beans, olive oil, pickled jalapeno, scallion, monterey jack, cheddar, eggs, paprika, garlic, onion, cumin, chile, salt.	https://thestrongkitchen.com/products/149	https://thestrongkitchen.com/uploads/media/products/149/featured-image/76/savory-breakfast-burrito.jpg	15.95 USD	in_stock	new	The Strong Kitchen	no	Food, Beverages & Tobacco > Food Items > Prepared Foods	Snacks & Breakfast > Breakfast & Burritos	no	Snacks & Breakfast		menu-week-4
270-453		Oatmeal Breakfast Cookie - Three Pack	Oatmeal Breakfast Cookie with craisins, walnuts and chocolate chips. Gluten Free. Made fresh by The Strong Kitchen in Hamden, CT. Delivered Sunday/Monday across Connecticut with your order or pick up in Hamden. Ingredients: Oats, rice flour, casein, egg whites, oil, cinnamon, baking soda, baking powder, stevia, craisins, chocolate, walnuts, salt.	https://thestrongkitchen.com/products/270	https://thestrongkitchen.com/uploads/media/products/270/featured-image/810/270---Oatmeal-Breakfast-Cookie---corrected.jpg	9.15 USD	in_stock	new	The Strong Kitchen	no	Food, Beverages & Tobacco > Food Items > Snack Foods	Snacks & Breakfast	no	Snacks & Breakfast		menu-week-4
296-491		Double Chocolate Breakfast Cookie - Three Pack	Double Chocolate Breakfast Cookie with Dark chocolate base and chocolate chips. Gluten Free. Made fresh by The Strong Kitchen in Hamden, CT. Delivered Sunday/Monday across Connecticut with your order or pick up in Hamden. Ingredients: Oats, rice flour, sweet potato, casein, egg whites, oil, cinnamon, baking soda, baking powder, stevia, chocolate chips, cocoa.	https://thestrongkitchen.com/products/296	https://thestrongkitchen.com/uploads/media/products/296/featured-image/809/296---Double-Chocolate-Breakfast-Cookie---corrected.jpg	9.15 USD	in_stock	new	The Strong Kitchen	no	Food, Beverages & Tobacco > Food Items > Snack Foods	Snacks & Breakfast	no	Snacks & Breakfast		menu-week-4
368-595		Chicken and Salsa Burritos - Two Pack	Chicken and Salsa Burritos with rice, beans and pepper jack cheese. Made fresh by The Strong Kitchen in Hamden, CT. Delivered Sunday/Monday across Connecticut with your order or pick up in Hamden. Ingredients: Rice, chicken breast, refried bean (pinto bean, oil), tomato, chipotle chile, cilantro, onion, pepper jack cheese, wheat tortilla.	https://thestrongkitchen.com/products/368	https://thestrongkitchen.com/uploads/media/products/368/featured-image/186/chicken-and-salsa-burrito.jpg	12.50 USD	in_stock	new	The Strong Kitchen	no	Food, Beverages & Tobacco > Food Items > Prepared Foods	Snacks & Breakfast > Breakfast & Burritos	no	Snacks & Breakfast		menu-week-4
